id,name,identityNumber,mail,phone
1,Ana Castro,28615519,ana.castro36@cepr0.com,+90 1990217578
2,Ricardo Ruiz,04819844,ricardo.ruiz81@cepr0.com,+90 8322938749
3,Ricardo Torres,81439507,ricardo.torres86@cepr0.com,+90 1859146563
4,Lucía Ramos,53106208,lucía.ramos25@cepr0.com,+90 1884099051
5,Pedro Álvarez,67664320,pedro.álvarez93@cepr0.com,+90 2836328061
6,Martina González,84747130,martina.gonzález19@cepr0.com,+90 4824135477
7,Javier Sosa,39739052,javier.sosa72@cepr0.com,+90 5844641720
8,Mateo Ruiz,09341852,mateo.ruiz43@cepr0.com,+90 8680161280
9,Camila Sosa,19648385,camila.sosa14@cepr0.com,+90 8950975619
10,Camila Sosa,78129766,camila.sosa18@cepr0.com,+90 8308190352
11,Santiago Álvarez,30170937,santiago.álvarez23@cepr0.com,+90 8496791409
12,Emilia Romero,00436468,emilia.romero83@cepr0.com,+90 9466519049
13,Julieta López,17752676,julieta.lópez37@cepr0.com,+90 2655049972
14,Santiago Ortiz,77685600,santiago.ortiz21@cepr0.com,+90 5664322099
15,Florencia Pérez,76244122,florencia.pérez34@cepr0.com,+90 6214516216
16,Valentina Ramos,20096996,valentina.ramos57@cepr0.com,+90 2922920094
17,Juan Díaz,94893425,juan.díaz77@cepr0.com,+90 8557444390
18,Carlos García,99033885,carlos.garcía27@cepr0.com,+90 7898592011
19,Emilia Martínez,22165549,emilia.martínez47@cepr0.com,+90 8270671448
20,Pedro Gómez,78788349,pedro.gómez95@cepr0.com,+90 3227625779
21,Ana Vázquez,82698858,ana.vázquez67@cepr0.com,+90 6247557656
22,Pedro Ramos,66084836,pedro.ramos72@cepr0.com,+90 7027626340
23,Julieta Torres,95505527,julieta.torres33@cepr0.com,+90 9597950633
24,María Romero,86359310,maría.romero71@cepr0.com,+90 9266647061
25,Sofía García,33207497,sofía.garcía58@cepr0.com,+90 6109415844
26,Juan Pérez,71033773,juan.pérez56@cepr0.com,+90 0459823695
27,Camila Ortiz,03359731,camila.ortiz33@cepr0.com,+90 6426792612
28,Fernando Martínez,27765741,fernando.martínez85@cepr0.com,+90 7276853433
29,Fernando Méndez,70024122,fernando.méndez21@cepr0.com,+90 7905451449
30,Diego Díaz,42236080,diego.díaz18@cepr0.com,+90 5382919053
31,Diego Ruiz,37098787,diego.ruiz58@cepr0.com,+90 5343210634
32,Carlos Rodríguez,39874018,carlos.rodríguez42@cepr0.com,+90 8706410971
33,Martina Rodríguez,46443579,martina.rodríguez93@cepr0.com,+90 9052468535
34,Valentina Silva,91943218,valentina.silva36@cepr0.com,+90 7259043128
35,Gonzalo Fernández,66910040,gonzalo.fernández69@cepr0.com,+90 1784428082
36,Carlos García,11873740,carlos.garcía86@cepr0.com,+90 1474322138
37,Ana Romero,80599117,ana.romero71@cepr0.com,+90 3413686070
38,Lucía Álvarez,81237037,lucía.álvarez91@cepr0.com,+90 8284190780
39,Fernando López,44840414,fernando.lópez64@cepr0.com,+90 7436127089
40,Julieta Fernández,26108555,julieta.fernández38@cepr0.com,+90 4215379336
41,Gonzalo Romero,00059854,gonzalo.romero27@cepr0.com,+90 5392167009
42,Carlos Fernández,88342896,carlos.fernández15@cepr0.com,+90 6996760041
43,Santiago Ortiz,78662661,santiago.ortiz37@cepr0.com,+90 9526935557
44,Valentina García,24735372,valentina.garcía97@cepr0.com,+90 7651288210
45,Fernando Rodríguez,17435117,fernando.rodríguez67@cepr0.com,+90 3221509055
46,Ana Díaz,67398971,ana.díaz57@cepr0.com,+90 8136295135
47,Ricardo Romero,43522489,ricardo.romero46@cepr0.com,+90 1326138569
48,Juan Romero,80107139,juan.romero58@cepr0.com,+90 8388684153
49,Juan García,69429491,juan.garcía62@cepr0.com,+90 7324293734
50,Julieta Ramos,15331728,julieta.ramos64@cepr0.com,+90 7812713668
51,Pedro Rodríguez,23264940,pedro.rodríguez19@cepr0.com,+90 9831841697
52,Mateo Castro,17120513,mateo.castro24@cepr0.com,+90 6391305591
53,Fernando Fernández,59357345,fernando.fernández73@cepr0.com,+90 0691570684
54,María Rodríguez,52874175,maría.rodríguez93@cepr0.com,+90 3104540824
55,Carlos Romero,51434692,carlos.romero91@cepr0.com,+90 5277022614
56,Mateo Ruiz,46996391,mateo.ruiz98@cepr0.com,+90 5882861467
57,Valentina Rodríguez,42960037,valentina.rodríguez55@cepr0.com,+90 3538321706
58,Emilia Gómez,96055331,emilia.gómez29@cepr0.com,+90 1084260366
59,Emilia Gómez,23793666,emilia.gómez51@cepr0.com,+90 6761792110
60,Pedro Romero,03201592,pedro.romero71@cepr0.com,+90 4354886655
61,Santiago Álvarez,84017185,santiago.álvarez33@cepr0.com,+90 0579623902
62,Ana Castro,76027956,ana.castro22@cepr0.com,+90 9738337570
63,Mateo Ramos,55542476,mateo.ramos85@cepr0.com,+90 5665553254
64,Carlos Gómez,84281563,carlos.gómez66@cepr0.com,+90 3975177300
65,Lucía Ruiz,28641749,lucía.ruiz72@cepr0.com,+90 1294374183
66,Ana García,25562129,ana.garcía26@cepr0.com,+90 6122250772
67,Mateo González,34795689,mateo.gonzález26@cepr0.com,+90 3734409252
68,Martina Méndez,28828810,martina.méndez28@cepr0.com,+90 5105731659
69,Ana Díaz,23750487,ana.díaz77@cepr0.com,+90 6292338240
70,María Díaz,68130509,maría.díaz65@cepr0.com,+90 6367056662
71,Florencia Ortiz,18547082,florencia.ortiz48@cepr0.com,+90 3853733927
72,Emilia Pérez,26050787,emilia.pérez45@cepr0.com,+90 7116317944
73,Gonzalo López,23582127,gonzalo.lópez19@cepr0.com,+90 6411066713
74,Sofía Torres,56480075,sofía.torres12@cepr0.com,+90 5543523041
75,Ricardo Ruiz,52770147,ricardo.ruiz32@cepr0.com,+90 1621594020
76,Valentina Silva,49477166,valentina.silva47@cepr0.com,+90 9889775192
77,Valentina Castro,07724872,valentina.castro18@cepr0.com,+90 6422689427
78,Pedro Rodríguez,28925473,pedro.rodríguez95@cepr0.com,+90 9206363000
79,Julieta Ortiz,48685583,julieta.ortiz62@cepr0.com,+90 0140510536
80,Carlos Fernández,71301711,carlos.fernández65@cepr0.com,+90 4705263863
81,Martina Castro,55358941,martina.castro68@cepr0.com,+90 8841276150
82,Martina Álvarez,05352559,martina.álvarez42@cepr0.com,+90 7793646808
83,Diego Ramos,11853135,diego.ramos22@cepr0.com,+90 9702563732
84,Florencia Martínez,74552262,florencia.martínez89@cepr0.com,+90 7967210474
85,Pedro Martínez,79414536,pedro.martínez33@cepr0.com,+90 6236796414
86,Fernando López,73464128,fernando.lópez37@cepr0.com,+90 2254502392
87,Javier Rodríguez,38488065,javier.rodríguez53@cepr0.com,+90 8190655848
88,Sofía Ruiz,94075078,sofía.ruiz73@cepr0.com,+90 2590447952
89,Emilia Sosa,90788135,emilia.sosa20@cepr0.com,+90 6742494311
90,Pedro Méndez,38856950,pedro.méndez70@cepr0.com,+90 0070813398
91,Ricardo García,67038633,ricardo.garcía20@cepr0.com,+90 8676374784
92,Emilia Castro,24853275,emilia.castro17@cepr0.com,+90 7646760690
93,Gonzalo Vázquez,64643395,gonzalo.vázquez36@cepr0.com,+90 8365099402
94,Mateo López,06800072,mateo.lópez29@cepr0.com,+90 7421190507
95,Julieta García,85833768,julieta.garcía87@cepr0.com,+90 3425446059
96,Florencia Fernández,57935384,florencia.fernández68@cepr0.com,+90 5032277624
97,Sofía Méndez,81575525,sofía.méndez84@cepr0.com,+90 2115285767
98,Martina Castro,40648662,martina.castro30@cepr0.com,+90 8112750471
99,Pedro Ruiz,44568633,pedro.ruiz87@cepr0.com,+90 0478074669
100,Martina Díaz,44249297,martina.díaz66@cepr0.com,+90 0713691022
101,Juan Silva,98665255,juan.silva57@cepr0.com,+90 9416982231
102,Camila González,71390590,camila.gonzález38@cepr0.com,+90 7294406848
103,Valentina Álvarez,34732435,valentina.álvarez75@cepr0.com,+90 7473219555
104,Lucía Méndez,65768046,lucía.méndez50@cepr0.com,+90 7560583925
105,Gonzalo Gómez,80306709,gonzalo.gómez22@cepr0.com,+90 8236230123
106,Javier Méndez,99539432,javier.méndez31@cepr0.com,+90 6683286095
107,Javier Romero,24839019,javier.romero94@cepr0.com,+90 2047215297
108,Diego López,65770987,diego.lópez46@cepr0.com,+90 1053572751
109,Julieta Romero,08717396,julieta.romero60@cepr0.com,+90 8454761372
110,Emilia Méndez,06711428,emilia.méndez23@cepr0.com,+90 6182222690
111,Santiago Ruiz,03104566,santiago.ruiz44@cepr0.com,+90 8390221989
112,Ricardo Romero,67133661,ricardo.romero58@cepr0.com,+90 9874274362
113,Pedro Gómez,66511382,pedro.gómez95@cepr0.com,+90 0215050458
114,Javier Romero,67701456,javier.romero11@cepr0.com,+90 7688612764
115,Julieta Sosa,29006417,julieta.sosa51@cepr0.com,+90 4453841245
116,Diego Pérez,52084124,diego.pérez50@cepr0.com,+90 5499105799
117,Emilia Sosa,53779342,emilia.sosa92@cepr0.com,+90 2637149462
118,María Fernández,57863856,maría.fernández97@cepr0.com,+90 6251538942
119,Pedro Ramos,63854635,pedro.ramos25@cepr0.com,+90 6088714032
120,Florencia García,97149798,florencia.garcía53@cepr0.com,+90 5322686285
121,Valentina López,66510706,valentina.lópez90@cepr0.com,+90 6877710245
122,Martina Pérez,22595715,martina.pérez36@cepr0.com,+90 5762636657
123,Santiago García,02082378,santiago.garcía57@cepr0.com,+90 7847802563
124,Gonzalo Ramos,31077120,gonzalo.ramos92@cepr0.com,+90 3639558091
125,Pedro Torres,47932305,pedro.torres36@cepr0.com,+90 3155371122
126,Mateo González,08149241,mateo.gonzález95@cepr0.com,+90 7047554449
127,Santiago Méndez,45825413,santiago.méndez61@cepr0.com,+90 3560411688
128,Santiago Ruiz,24685230,santiago.ruiz74@cepr0.com,+90 1754760741
129,Martina Gómez,69692300,martina.gómez51@cepr0.com,+90 0381624851
130,Camila Ruiz,69986902,camila.ruiz25@cepr0.com,+90 6240086163
131,Fernando Díaz,38171201,fernando.díaz26@cepr0.com,+90 2708370083
132,Martina Álvarez,83759293,martina.álvarez78@cepr0.com,+90 8568042833
133,Martina Silva,87149929,martina.silva96@cepr0.com,+90 5175212393
134,Valentina Silva,98158309,valentina.silva48@cepr0.com,+90 9364219513
135,María Ramos,68520880,maría.ramos61@cepr0.com,+90 7418390256
136,Ana Romero,06182840,ana.romero97@cepr0.com,+90 9521087649
137,Florencia Álvarez,59949728,florencia.álvarez93@cepr0.com,+90 6116084664
138,Florencia Castro,55336231,florencia.castro92@cepr0.com,+90 3826633583
139,Mateo Torres,52523360,mateo.torres40@cepr0.com,+90 1866338851
140,Julieta Ramos,88556733,julieta.ramos26@cepr0.com,+90 5541516806
141,Sofía Vázquez,38357153,sofía.vázquez60@cepr0.com,+90 2507180745
142,Ana Fernández,75238525,ana.fernández91@cepr0.com,+90 9683545459
143,Gonzalo Méndez,95874285,gonzalo.méndez45@cepr0.com,+90 4510987979
144,Florencia Martínez,43178724,florencia.martínez12@cepr0.com,+90 0633145178
145,Sofía García,13060893,sofía.garcía95@cepr0.com,+90 9361293282
146,Pedro García,09026876,pedro.garcía89@cepr0.com,+90 2025331614
147,Camila Díaz,36872539,camila.díaz26@cepr0.com,+90 0037714010
148,Emilia Martínez,14625507,emilia.martínez64@cepr0.com,+90 8722293493
149,Julieta García,11229018,julieta.garcía83@cepr0.com,+90 8445393504
150,Pedro Ortiz,39509780,pedro.ortiz42@cepr0.com,+90 6294179231
151,Julieta Álvarez,92779937,julieta.álvarez90@cepr0.com,+90 3813942084
152,Camila Méndez,72771662,camila.méndez52@cepr0.com,+90 0799248669
153,Julieta González,30430442,julieta.gonzález10@cepr0.com,+90 5936179610
154,Ricardo Silva,95750707,ricardo.silva67@cepr0.com,+90 8330092319
155,Florencia Romero,59287087,florencia.romero18@cepr0.com,+90 9251220662
156,Fernando Sosa,16860937,fernando.sosa83@cepr0.com,+90 0261780316
157,Sofía Fernández,41472937,sofía.fernández50@cepr0.com,+90 5106121910
158,Javier Gómez,44072800,javier.gómez30@cepr0.com,+90 9954748672
159,Julieta Silva,71506591,julieta.silva59@cepr0.com,+90 2083579103
160,Valentina Martínez,85419377,valentina.martínez73@cepr0.com,+90 9931052327
161,Valentina Pérez,51609658,valentina.pérez97@cepr0.com,+90 0430669859
162,Santiago Romero,47986738,santiago.romero21@cepr0.com,+90 1526780483
163,Sofía Gómez,13259951,sofía.gómez40@cepr0.com,+90 0936687533
164,Florencia Vázquez,60378229,florencia.vázquez94@cepr0.com,+90 3156537163
165,Martina Gómez,59831396,martina.gómez37@cepr0.com,+90 8060081019
166,María Sosa,23141185,maría.sosa99@cepr0.com,+90 4590207636
167,Pedro Pérez,72493725,pedro.pérez66@cepr0.com,+90 9397423932
168,Florencia García,62181214,florencia.garcía74@cepr0.com,+90 9243650829
169,Florencia Vázquez,80643273,florencia.vázquez38@cepr0.com,+90 3435994168
170,Mateo Ruiz,94163651,mateo.ruiz89@cepr0.com,+90 3354108339
171,Martina Romero,76402269,martina.romero85@cepr0.com,+90 0357892285
172,Pedro Díaz,18357401,pedro.díaz76@cepr0.com,+90 2569092099
173,Julieta Méndez,60862808,julieta.méndez27@cepr0.com,+90 6157822004
174,Valentina Torres,63657290,valentina.torres60@cepr0.com,+90 5132423238
175,Martina Ortiz,90835787,martina.ortiz91@cepr0.com,+90 0437390117
176,Ana Rodríguez,97819587,ana.rodríguez67@cepr0.com,+90 5958531176
177,Juan Silva,48883266,juan.silva51@cepr0.com,+90 5810295420
178,Emilia Pérez,88963984,emilia.pérez74@cepr0.com,+90 3291659651
179,Javier Vázquez,61377201,javier.vázquez22@cepr0.com,+90 2748231247
180,Emilia Ruiz,85341929,emilia.ruiz51@cepr0.com,+90 3262351449
181,Fernando Gómez,22469915,fernando.gómez70@cepr0.com,+90 0091791445
182,Juan Gómez,94838487,juan.gómez14@cepr0.com,+90 7262775303
183,Pedro Castro,88974032,pedro.castro88@cepr0.com,+90 7042627050
184,Ana Álvarez,74626778,ana.álvarez58@cepr0.com,+90 9477090988
185,Mateo García,04033773,mateo.garcía34@cepr0.com,+90 7363268629
186,Diego Gómez,27263769,diego.gómez54@cepr0.com,+90 0899863933
187,Carlos Pérez,25491400,carlos.pérez75@cepr0.com,+90 3979584162
188,Camila Vázquez,53909432,camila.vázquez34@cepr0.com,+90 5009222912
189,Mateo Álvarez,03714544,mateo.álvarez23@cepr0.com,+90 2558684064
190,Javier Sosa,16829410,javier.sosa52@cepr0.com,+90 3197647769
191,María López,02089057,maría.lópez98@cepr0.com,+90 9467454350
192,Lucía García,87704482,lucía.garcía86@cepr0.com,+90 2471179495
193,Camila Martínez,44330153,camila.martínez72@cepr0.com,+90 9059208138
194,Martina Ramos,17331074,martina.ramos69@cepr0.com,+90 0777799149
195,Camila Ruiz,57352893,camila.ruiz37@cepr0.com,+90 4851073269
196,Juan López,33403145,juan.lópez43@cepr0.com,+90 9847792759
197,Florencia Ramos,09980707,florencia.ramos49@cepr0.com,+90 1814149714
198,Pedro Vázquez,84016317,pedro.vázquez46@cepr0.com,+90 9584652641
199,Florencia López,45111761,florencia.lópez92@cepr0.com,+90 5643635214
200,Camila Ramos,29703056,camila.ramos78@cepr0.com,+90 4649644153
201,Lucía Castro,59204206,lucía.castro72@cepr0.com,+90 5079228892
202,Juan Vázquez,26855222,juan.vázquez20@cepr0.com,+90 1455949617
203,Fernando Pérez,60756485,fernando.pérez13@cepr0.com,+90 1416123325
204,Gonzalo Castro,41397209,gonzalo.castro84@cepr0.com,+90 8902749639
205,Carlos Pérez,59185364,carlos.pérez65@cepr0.com,+90 1020763631
206,Sofía Castro,75854776,sofía.castro57@cepr0.com,+90 5809868445
207,Florencia Pérez,70986677,florencia.pérez79@cepr0.com,+90 2144361779
208,Julieta Vázquez,48934898,julieta.vázquez33@cepr0.com,+90 3495869962
209,Ana López,35843210,ana.lópez72@cepr0.com,+90 3334752210
210,Lucía Sosa,16091098,lucía.sosa86@cepr0.com,+90 6733177355
211,Sofía Castro,75487838,sofía.castro66@cepr0.com,+90 9100170022
212,Julieta García,60602497,julieta.garcía93@cepr0.com,+90 6244997510
213,Lucía Silva,14372009,lucía.silva32@cepr0.com,+90 2631271417
214,Fernando Ortiz,77481457,fernando.ortiz97@cepr0.com,+90 0321828235
215,Fernando Romero,05556810,fernando.romero93@cepr0.com,+90 6065041802
216,Santiago Torres,26512191,santiago.torres63@cepr0.com,+90 1736030739
217,Diego Romero,47076219,diego.romero21@cepr0.com,+90 0287358782
218,Javier Díaz,58518057,javier.díaz48@cepr0.com,+90 0851924638
219,Camila Álvarez,88750275,camila.álvarez76@cepr0.com,+90 6665177172
220,Fernando López,07547824,fernando.lópez30@cepr0.com,+90 5568557497
221,Carlos Ortiz,43789801,carlos.ortiz27@cepr0.com,+90 5388439276
222,Santiago Ramos,42935082,santiago.ramos92@cepr0.com,+90 4134004454
223,Camila Vázquez,65852145,camila.vázquez66@cepr0.com,+90 3222251000
224,Camila Ramos,20369098,camila.ramos17@cepr0.com,+90 5385150660
225,Martina Ramos,22261808,martina.ramos19@cepr0.com,+90 7494872085
226,Sofía Álvarez,80420694,sofía.álvarez84@cepr0.com,+90 8561685423
227,Camila Sosa,45689685,camila.sosa42@cepr0.com,+90 8554766047
228,Diego Pérez,88719680,diego.pérez81@cepr0.com,+90 8847465084
229,Santiago Álvarez,30082809,santiago.álvarez26@cepr0.com,+90 8205169426
230,Diego González,60182299,diego.gonzález93@cepr0.com,+90 7139898953
231,Juan Ortiz,76293839,juan.ortiz33@cepr0.com,+90 5068574538
232,Ana Pérez,79149803,ana.pérez15@cepr0.com,+90 0140829746
233,Mateo Gómez,50915241,mateo.gómez57@cepr0.com,+90 5478590645
234,Santiago Castro,48969936,santiago.castro76@cepr0.com,+90 7337458123
235,Julieta Martínez,69609121,julieta.martínez18@cepr0.com,+90 8748890433
236,Fernando Ramos,28196022,fernando.ramos43@cepr0.com,+90 9398480676
237,Sofía Díaz,41250030,sofía.díaz54@cepr0.com,+90 3920531640
238,Diego Sosa,11983849,diego.sosa32@cepr0.com,+90 8534567309
239,Florencia Castro,33583874,florencia.castro48@cepr0.com,+90 3713167459
240,Ana Méndez,53360476,ana.méndez50@cepr0.com,+90 9997515086
241,Florencia Ruiz,66722366,florencia.ruiz17@cepr0.com,+90 4457243945
242,Ana Castro,53671539,ana.castro16@cepr0.com,+90 4956139364
243,Santiago Díaz,36384423,santiago.díaz76@cepr0.com,+90 0777213363
244,Lucía García,73852636,lucía.garcía87@cepr0.com,+90 7451935809
245,Ricardo Vázquez,75020376,ricardo.vázquez48@cepr0.com,+90 2887621493
246,Sofía Sosa,16119062,sofía.sosa32@cepr0.com,+90 3052633187
247,Juan Vázquez,57066348,juan.vázquez82@cepr0.com,+90 2007982753
248,Florencia Díaz,77588097,florencia.díaz89@cepr0.com,+90 6059794917
249,Mateo Torres,99996042,mateo.torres29@cepr0.com,+90 8819151671
250,Juan García,22723928,juan.garcía74@cepr0.com,+90 2779390318
251,Diego Pérez,40109647,diego.pérez40@cepr0.com,+90 9125568534
252,Javier Martínez,98552082,javier.martínez44@cepr0.com,+90 1717064311
253,Camila Ramos,23460024,camila.ramos64@cepr0.com,+90 5201931765
254,Mateo Álvarez,59073896,mateo.álvarez99@cepr0.com,+90 7204053503
255,Valentina Castro,30510589,valentina.castro88@cepr0.com,+90 6894941849
256,Florencia Díaz,88920380,florencia.díaz45@cepr0.com,+90 8162068179
257,Gonzalo Sosa,82000635,gonzalo.sosa83@cepr0.com,+90 8074107993
258,Santiago Díaz,54259844,santiago.díaz67@cepr0.com,+90 7297802901
259,Gonzalo García,93377532,gonzalo.garcía43@cepr0.com,+90 5202441232
260,Javier Vázquez,10691287,javier.vázquez79@cepr0.com,+90 1100523895
261,Santiago Silva,47464962,santiago.silva41@cepr0.com,+90 6122306670
262,Julieta Álvarez,10645315,julieta.álvarez34@cepr0.com,+90 8994343337
263,Martina Gómez,34454175,martina.gómez93@cepr0.com,+90 7323691143
264,Julieta Castro,00729376,julieta.castro75@cepr0.com,+90 8856311413
265,Sofía Pérez,55658709,sofía.pérez16@cepr0.com,+90 9808608797
266,Fernando Díaz,33163031,fernando.díaz60@cepr0.com,+90 6050718553
267,Pedro Rodríguez,07677661,pedro.rodríguez16@cepr0.com,+90 8287955990
268,Mateo Castro,67355060,mateo.castro38@cepr0.com,+90 1256594124
269,Ricardo Vázquez,62906241,ricardo.vázquez53@cepr0.com,+90 5935509566
270,María Méndez,85555520,maría.méndez82@cepr0.com,+90 5261781960
271,Javier Álvarez,40633793,javier.álvarez23@cepr0.com,+90 1351865378
272,Florencia Álvarez,49373125,florencia.álvarez57@cepr0.com,+90 6949048930
273,Ana Ramos,13964178,ana.ramos86@cepr0.com,+90 1036748041
274,Juan Fernández,73979192,juan.fernández22@cepr0.com,+90 9643405793
275,Ricardo García,35400777,ricardo.garcía45@cepr0.com,+90 0972527136
276,Javier Gómez,43554007,javier.gómez13@cepr0.com,+90 8464277884
277,Ana Sosa,29875513,ana.sosa58@cepr0.com,+90 6195407367
278,Diego Méndez,43540974,diego.méndez52@cepr0.com,+90 2015977035
279,Camila Vázquez,54958833,camila.vázquez47@cepr0.com,+90 3319706336
280,Martina Sosa,05465885,martina.sosa55@cepr0.com,+90 4265035842
281,Mateo Díaz,65610142,mateo.díaz32@cepr0.com,+90 2909140687
282,Sofía Fernández,37439294,sofía.fernández39@cepr0.com,+90 6438915400
283,Santiago García,59316026,santiago.garcía19@cepr0.com,+90 4195789190
284,Camila Sosa,66394479,camila.sosa59@cepr0.com,+90 2503039880
285,Gonzalo Rodríguez,23496305,gonzalo.rodríguez66@cepr0.com,+90 4423383875
286,Sofía Rodríguez,40168010,sofía.rodríguez23@cepr0.com,+90 7520415652
287,Lucía Sosa,46259804,lucía.sosa67@cepr0.com,+90 6826941418
288,Juan Pérez,43850518,juan.pérez59@cepr0.com,+90 6494746931
289,Juan Romero,63048184,juan.romero79@cepr0.com,+90 9960905950
290,Valentina Pérez,22777215,valentina.pérez27@cepr0.com,+90 7946759244
291,Pedro López,10757846,pedro.lópez59@cepr0.com,+90 5028116720
292,Emilia Romero,86928989,emilia.romero18@cepr0.com,+90 8356282426
293,Emilia Pérez,77270557,emilia.pérez63@cepr0.com,+90 8958044488
294,Florencia Díaz,04198207,florencia.díaz75@cepr0.com,+90 1397510258
295,Emilia Rodríguez,46400448,emilia.rodríguez32@cepr0.com,+90 7026437105
296,Fernando Torres,46815872,fernando.torres10@cepr0.com,+90 9186222080
297,Gonzalo Álvarez,27655681,gonzalo.álvarez37@cepr0.com,+90 1363757542
298,Mateo Álvarez,88761930,mateo.álvarez94@cepr0.com,+90 3723808861
299,María Ruiz,31462562,maría.ruiz81@cepr0.com,+90 1640959888
300,Julieta Sosa,16902329,julieta.sosa53@cepr0.com,+90 7116603002
